"quantity","reproduced","published"
"n analysed",92,"92"
"mean deaths",20.652,"20.652"
"variance of deaths",1673.152,"1673.152"
"MFI x pressure, raw (beta)",0.006108,"0.006"
"MFI x pressure, raw (SE)",0.0025,"0.0025"
"MFI x pressure, raw (p)",0.016,"0.012"
"MFI x damage, raw (beta)",1.6e-05,"0.00002"
"MFI x damage, raw (SE)",4e-06,"0.00001"
"MFI x damage, raw (p)",1.25e-05,"<0.001"
"MFI x pressure, standardised (beta)",0.395,"0.395"
"MFI x pressure, standardised (p)",0.009,"0.012"
"MFI x damage, standardised (beta)",0.705,"0.705"
"MFI x damage, standardised (p)",2.62e-06,"<0.001"
"Pearson chi2/df, model 3",1.14,"1.107"
"predicted deaths, high damage, MFI=1",12.63,"10.80"
"predicted deaths, high damage, MFI=11",71.13,"58.70"
"predicted deaths, low damage, MFI=1",5.15,"5.86"
"predicted deaths, low damage, MFI=11",3.35,"3.69"
"predicted deaths, high damage, MFI=3",17.85,"15.15"
"predicted deaths, high damage, MFI=9",50.35,"41.84"
