"spec","n","est","lo","hi","p","note","ratio","ratio_lo","ratio_hi"
"S0  Paper replication (NB, MFI, both interactions)",92,1.47490751699676,0.769169963422534,2.18064507057099,1.25408137883882e-05,"",4.37063154510661,2.15797431258675,8.85201459149115
"S1  Keep all 94 storms (retain Katrina & Audrey)",NA,NA,NA,NA,NA,"CSV already excludes the 2 outliers; not runnable",NA,NA,NA
"S2  Post-1979 only (alternating male/female naming)",54,0.26265646854814,-0.446230105100578,0.971543042196858,0.136618773483424,"",1.30037992080935,0.640036479457428,2.64201806102928
"S3  Binary Gender_MF instead of continuous MFI",92,1.63161577956637,0.810946145246937,2.45228541388579,5.67184243998536e-05,"",5.11212812106018,2.25003584060432,11.6148611744403
"S4  Original min pressure (MinPressure_before)",92,1.6445698655545,0.938890487206687,2.35024924390232,2.61717388666939e-06,"",5.1787818553403,2.55714266130482,10.4881835147659
"S5  Poisson instead of negative binomial",92,0.729275107448771,0.580910180518505,0.877640034379038,2.27360112491024e-13,"",2.07357694226219,1.78766478816218,2.40521677439414
"S6  OLS on log(deaths + 1)",92,0.386156910129602,-0.25342915862427,1.02574297888347,0.235365518054573,"",1.47131551701168,0.776134725429368,2.78916698309273
"S7  Drop MFI x pressure interaction (keep MFI x damage)",92,1.03533501205141,0.40749551619875,1.66317450790407,0.000328034055461527,"",2.81604948813065,1.50304870614732,5.27603309671032
"S8  No interactions (main effects only)",92,0.20877998366937,-0.263243889928896,0.680803857267637,0.385983718284424,"",1.23217387033138,0.768554431765894,1.97546508610843
"S9  Zero-inflated negative binomial",92,1.47387883032734,NA,NA,2.29966703807411e-10,"",4.36613784639947,NA,NA
"S10 Median-split NDAM (paper's interpretation model)",92,1.03687699582011,0.338892463090746,1.73486152854947,0.0448718302214883,"",2.82039514033473,1.40339242061451,5.66814287349553
