"spec","estimate","se","p_value","ci_lo","ci_hi","star"
"Baseline (paper's model)",0.084523010511807,0.0310269684980633,0.00813389207711488,0.022641673073514,0.1464043479501,"**"
"Different inference: HC1, no clustering",0.084523010511807,0.0313754547285477,0.00715744568329312,0.0229678741191896,0.146078146904424,"**"
"Different inference: CR2 cluster correction",0.084523010511807,0.0358546135914872,0.0212050623254886,0.0130132385367294,0.156032782486885,"**"
"Add prior-belief control",0.0836780946110703,0.031382405595685,0.0095147348944661,0.0210878602343804,0.14626832898776,"**"
"Discipline fixed effects only",0.099173601436139,0.0367621573552801,0.00874203408220563,0.0258537904979963,0.172493412374282,"**"
"No controls (raw weighted contrast)",0.0504320730535644,0.0322904441829486,0.122838823531378,-0.0139691871804844,0.114833333287613,""
"Unweighted model-level",0.0542276344989483,0.0234453581518836,0.0236701043710654,0.00746734210206444,0.100987926895832,"**"
"Drop imputed team 27",0.0861268926397598,0.0312421494945324,0.00746315999597065,0.0238005097475474,0.148453275531972,"**"
"Drop single-member teams",0.1098966856269,0.0500417904735326,0.032319753925864,0.00961069648196862,0.210182674771831,"**"
"Peer-score (pscore) weighting",0.0902151233685876,0.0340101590166031,0.00987490447566617,0.022384000048635,0.15804624668854,"**"
"Winsorize AME at 5th/95th pct",0.0457520049020379,0.0164834698783345,0.00706115201768808,0.012876760845925,0.0786272489581508,"**"
