"column","term","source","estimate","se","p_value","star","published_estimate","published_se","published_star","check"
"(1) AME","Mean sentiment (proindex)","reproduced from data/df.dta",0.0108736888127354,0.00569982980871052,0.0605299173320942,"*",0.011,0.006,"*","matches rounded published value"
"(2) AME","% anti-immigration (p12)","reproduced from data/df.dta",-0.0503799370577978,0.0252583784086826,0.0499836767167386,"**",-0.05,0.025,"**","matches rounded published value"
"(2) AME","% pro-immigration (p56)","reproduced from data/df.dta",0.0234775035776474,0.0193442587295841,0.228953802948575,"",0.023,0.019,"","matches rounded published value"
"(2) AME","Pro - Anti (p56 - p12)","reproduced from data/df.dta",0.0738574406354452,0.0242554344237574,0.00327798526655053,"**",0.074,0.024,"**","matches rounded published value"
"(3) AME","Anti team (group1)","reproduced from data/df.dta",-0.0572476378537862,0.0306364975400326,0.0658619076792482,"*",-0.057,0.031,"*","matches rounded published value"
"(3) AME","Pro team (group3)","reproduced from data/df.dta",0.0272753726580208,0.0147458727164357,0.0685789684711435,"*",0.027,0.015,"*","matches rounded published value"
"(3) AME","Pro - Anti (group3 - group1)","reproduced from data/df.dta",0.084523010511807,0.0310269684980633,0.00813389207711488,"**",0.085,0.031,"**","matches rounded published value"
"(4) extreme neg","Mean sentiment (proindex)","reproduced from data/df.dta",-0.0514097417624838,0.0206502493863288,0.0151694258194787,"**",-0.051,0.021,"**","matches rounded published value"
"(5) extreme neg","% anti-immigration (p12)","reproduced from data/df.dta",0.0809324179660957,0.10280850505464,0.433813237771059,"",0.081,0.103,"","matches rounded published value"
"(5) extreme neg","% pro-immigration (p56)","reproduced from data/df.dta",-0.160656498728191,0.0642692877715582,0.0147753130484446,"**",-0.161,0.064,"**","matches rounded published value"
"(5) extreme neg","Pro - Anti (p56 - p12)","reproduced from data/df.dta",-0.241588916694286,0.107429396161443,0.0276735199984547,"**",-0.242,0.107,"*","matches rounded published value"
"(6) extreme neg","Anti team (group1)","reproduced from data/df.dta",0.149976651309092,0.123178185776311,0.22748032136343,"",0.15,0.123,"","matches rounded published value"
"(6) extreme neg","Pro team (group3)","reproduced from data/df.dta",-0.123896728818095,0.0439936888249256,0.00630784274482447,"**",-0.124,0.044,"**","matches rounded published value"
"(6) extreme neg","Pro - Anti (group3 - group1)","reproduced from data/df.dta",-0.273873380127187,0.125200450264633,0.0320495069979879,"**",-0.274,0.125,"*","matches rounded published value"
"(7) extreme pos","Mean sentiment (proindex)","reproduced from data/df.dta",0.0192454662580522,0.0115144556072516,0.0991042611484536,"*",0.019,0.012,"*","matches rounded published value"
"(8) extreme pos","% anti-immigration (p12)","reproduced from data/df.dta",-0.13036560344,0.0568758416195774,0.0249103386363335,"**",-0.13,0.057,"*","matches rounded published value"
"(8) extreme pos","% pro-immigration (p56)","reproduced from data/df.dta",-0.0161201944853702,0.0412525520688808,0.69715519587955,"",-0.016,0.041,"","matches rounded published value"
"(8) extreme pos","Pro - Anti (p56 - p12)","reproduced from data/df.dta",0.11424540895463,0.0458144878397755,0.0150095354078877,"**",0.114,0.045,"*","matches rounded published value"
"(9) extreme pos","Anti team (group1)","reproduced from data/df.dta",-0.0695299353603579,0.0377739577848476,0.069906184294923,"*",-0.07,0.037,"*","matches rounded published value"
"(9) extreme pos","Pro team (group3)","reproduced from data/df.dta",0.0173149109013535,0.0339733773800701,0.611891981354705,"",0.017,0.034,"","matches rounded published value"
"(9) extreme pos","Pro - Anti (group3 - group1)","reproduced from data/df.dta",0.0868448462617114,0.0346823250226184,0.0146130269538445,"**",0.087,0.035,"*","matches rounded published value"
